{
	"credit": "Made with Blockbench",
	"texture_size": [32, 32],
	"textures": {
		"0": "create:block/pipes",
		"particle": "create:block/pipes"
	},
	"elements": [
		{
			"name": "rim_west",
			"from": [2, 4, 4],
			"to": [4, 12, 12],
			"rotation": {"angle": 0, "axis": "y", "origin": [16, 0, -16]},
			"faces": {
				"north": {"uv": [0, 8, 4, 9], "rotation": 90, "texture": "#0"},
				"south": {"uv": [0, 9, 4, 10], "rotation": 90, "texture": "#0"},
				"up": {"uv": [4, 9, 0, 10], "rotation": 90, "texture": "#0"},
				"down": {"uv": [4, 8, 0, 9], "rotation": 270, "texture": "#0"}
			}
		},
		{
			"name": "rim_west",
			"from": [0, 4, 4],
			"to": [2, 12, 12],
			"rotation": {"angle": 0, "axis": "y", "origin": [14, 0, -16]},
			"faces": {
				"north": {"uv": [0, 0, 4, 1], "rotation": 90, "texture": "#0"},
				"south": {"uv": [0, 1, 4, 0], "rotation": 90, "texture": "#0"},
				"up": {"uv": [4, 1, 0, 0], "rotation": 90, "texture": "#0"},
				"down": {"uv": [4, 0, 0, 1], "rotation": 270, "texture": "#0"}
			}
		}
	]
}