{
    "powers": [
        "slimeorigin:half",
        "slimeorigin:colour",
        "slimeorigin:falldamage",
        "slimeorigin:launch",
        "slimeorigin:fire_damage",
        "slimeorigin:food",
        "slimeorigin:feed",
        "slimeorigin:veganbased",
        "slimeorigin:washed",
        "slimeorigin:health",
        "slimeorigin:lives",
        "slimeorigin:bounce",
        "slimeorigin:bounce2",
        "slimeorigin:bounce3",
        "slimeorigin:bounce4",
        "slimeorigin:bounce5"

    ],
    "icon": {
        "item": "minecraft:slime_ball"
    },
    "order": 20,
    "impact": 2,
    "name": "slime origin",
    "description": "a slimey background"
}