{
	"credit": "Made with Blockbench",
	"textures": {
		"2": "create:block/hose_pulley_coil",
		"particle": "create:block/fluid_tank_inner"
	},
	"elements": [
		{
			"from": [12, 2, 3],
			"to": [14, 14, 13],
			"rotation": {"angle": 0, "axis": "y", "origin": [8, 8, 8]},
			"faces": {
				"east": {"uv": [3, 14, 13, 2], "texture": "#2"},
				"up": {"uv": [3, 16, 13, 14], "rotation": 270, "texture": "#2"},
				"down": {"uv": [3, 2, 13, 0], "rotation": 90, "texture": "#2"}
			}
		},
		{
			"from": [4, 2, 3],
			"to": [12, 4, 13],
			"rotation": {"angle": 0, "axis": "z", "origin": [8, 8, 8]},
			"faces": {
				"east": {"uv": [3, 16, 13, 14], "texture": "#2"},
				"west": {"uv": [3, 2, 13, 0], "rotation": 180, "texture": "#2"},
				"down": {"uv": [3, 12, 13, 4], "rotation": 90, "texture": "#2"}
			}
		},
		{
			"from": [2, 2, 3],
			"to": [4, 14, 13],
			"rotation": {"angle": 0, "axis": "y", "origin": [8, 8, 8]},
			"faces": {
				"west": {"uv": [3, 2, 13, 14], "texture": "#2"},
				"up": {"uv": [3, 0, 13, 2], "rotation": 90, "texture": "#2"},
				"down": {"uv": [3, 14, 13, 16], "rotation": 270, "texture": "#2"}
			}
		}
	],
	"groups": [
		{
			"name": "hose coil",
			"origin": [8, 8, 8],
			"color": 0,
			"children": [0, 1, 2]
		}
	]
}