{
	"credit": "Made with Blockbench",
	"parent": "block/block",
	"textures": {
		"1": "create:block/fluid_tank",
		"particle": "create:block/fluid_tank"
	},
	"elements": [
		{
			"name": "SideRight",
			"from": [0, 0, 0],
			"to": [16, 16, 1],
			"rotation": {"angle": 0, "axis": "y", "origin": [8, 12, -23]},
			"faces": {
				"north": {"uv": [0, 0, 16, 16], "texture": "#1", "cullface": "north"},
				"south": {"uv": [0, 0, 16, 16], "texture": "#1", "cullface": "north"}
			}
		},
		{
			"name": "SideRight",
			"from": [15, 0, 0],
			"to": [16, 16, 16],
			"rotation": {"angle": 0, "axis": "y", "origin": [8, 12, 8]},
			"faces": {
				"east": {"uv": [0, 0, 16, 16], "texture": "#1", "cullface": "east"},
				"west": {"uv": [0, 0, 16, 16], "texture": "#1", "cullface": "east"}
			}
		},
		{
			"name": "SideRight",
			"from": [0, 0, 15],
			"to": [16, 16, 16],
			"rotation": {"angle": 0, "axis": "y", "origin": [8, 12, 8]},
			"faces": {
				"north": {"uv": [0, 0, 16, 16], "texture": "#1", "cullface": "south"},
				"south": {"uv": [0, 0, 16, 16], "texture": "#1", "cullface": "south"}
			}
		},
		{
			"name": "SideRight",
			"from": [0, 0, 0],
			"to": [1, 16, 16],
			"rotation": {"angle": 0, "axis": "y", "origin": [8, 12, 8]},
			"faces": {
				"east": {"uv": [0, 0, 16, 16], "texture": "#1", "cullface": "west"},
				"west": {"uv": [0, 0, 16, 16], "texture": "#1", "cullface": "west"}
			}
		}
	],
	"groups": [
		{
			"name": "tank",
			"origin": [8, 8, -23],
			"children": [0, 1, 2, 3]
		}
	]
}