{
	"credit": "Made with Blockbench",
	"texture_size": [32, 32],
	"textures": {
		"0": "create:block/pipes",
		"particle": "create:block/pipes"
	},
	"elements": [
		{
			"from": [16.95, 4.95, 4.95],
			"to": [19.95, 11.05, 11.05],
			"rotation": {"angle": 0, "axis": "y", "origin": [8, 8, 8]},
			"faces": {
				"north": {"uv": [12, 8, 13.5, 11], "rotation": 180, "texture": "#0"},
				"east": {"uv": [13, 8, 16, 11], "texture": "#0"},
				"south": {"uv": [12, 8, 13.5, 11], "texture": "#0"},
				"up": {"uv": [12, 8, 13.5, 11], "texture": "#0"},
				"down": {"uv": [12, 8, 13.5, 11], "texture": "#0"}
			}
		},
		{
			"from": [14, 2.95, 2.95],
			"to": [16.9503, 13.05, 13.05],
			"rotation": {"angle": 0, "axis": "y", "origin": [8, 8, 8]},
			"faces": {
				"north": {"uv": [9, 9.5, 4, 8], "rotation": 90, "texture": "#0"},
				"east": {"uv": [11, 11, 16, 16], "texture": "#0"},
				"south": {"uv": [4, 8, 9, 9.5], "rotation": 90, "texture": "#0"},
				"west": {"uv": [6, 11, 11, 16], "texture": "#0"},
				"up": {"uv": [4, 8, 9, 9.5], "rotation": 90, "texture": "#0"},
				"down": {"uv": [9, 9.5, 4, 8], "rotation": 270, "texture": "#0"}
			}
		}
	]
}