{
	"credit": "Made with Blockbench",
	"texture_size": [32, 32],
	"textures": {
		"0": "create:block/pipes",
		"particle": "create:block/pipes"
	},
	"elements": [
		{
			"from": [2.95, 2.95, -0.95],
			"to": [13.05, 13.05, 2.0003],
			"rotation": {"angle": 0, "axis": "y", "origin": [8, 34, 8]},
			"faces": {
				"north": {"uv": [11, 11, 16, 16], "texture": "#0"},
				"east": {"uv": [4, 8, 9, 9.5], "rotation": 90, "texture": "#0"},
				"south": {"uv": [6, 11, 11, 16], "texture": "#0"},
				"west": {"uv": [9, 9.5, 4, 8], "rotation": 90, "texture": "#0"},
				"up": {"uv": [4, 8, 9, 9.5], "texture": "#0"},
				"down": {"uv": [9, 9.5, 4, 8], "texture": "#0"}
			}
		},
		{
			"from": [4.95, 4.95, -3.95],
			"to": [11.05, 11.05, -0.95],
			"rotation": {"angle": 0, "axis": "y", "origin": [8, 34, 8]},
			"faces": {
				"north": {"uv": [13, 8, 16, 11], "texture": "#0"},
				"east": {"uv": [12, 8, 13.5, 11], "texture": "#0"},
				"west": {"uv": [12, 8, 13.5, 11], "rotation": 180, "texture": "#0"},
				"up": {"uv": [12, 8, 13.5, 11], "rotation": 270, "texture": "#0"},
				"down": {"uv": [12, 8, 13.5, 11], "rotation": 90, "texture": "#0"}
			}
		}
	]
}