{
	"credit": "Made with Blockbench",
	"texture_size": [32, 32],
	"textures": {
		"0": "create:block/pipes",
		"particle": "create:block/pipes"
	},
	"elements": [
		{
			"from": [4.95, 4.95, 16.95],
			"to": [11.05, 11.05, 19.95],
			"rotation": {"angle": 0, "axis": "y", "origin": [8, 34, 8]},
			"faces": {
				"east": {"uv": [13.5, 8, 12, 11], "texture": "#0"},
				"south": {"uv": [16, 8, 13, 11], "texture": "#0"},
				"west": {"uv": [13.5, 8, 12, 11], "rotation": 180, "texture": "#0"},
				"up": {"uv": [13.5, 8, 12, 11], "rotation": 270, "texture": "#0"},
				"down": {"uv": [13.5, 8, 12, 11], "rotation": 90, "texture": "#0"}
			}
		},
		{
			"from": [2.95, 2.95, 14],
			"to": [13.05, 13.05, 16.9503],
			"rotation": {"angle": 0, "axis": "y", "origin": [8, 34, 8]},
			"faces": {
				"north": {"uv": [11, 11, 6, 16], "texture": "#0"},
				"east": {"uv": [4, 9.5, 9, 8], "rotation": 90, "texture": "#0"},
				"south": {"uv": [16, 11, 11, 16], "texture": "#0"},
				"west": {"uv": [9, 8, 4, 9.5], "rotation": 90, "texture": "#0"},
				"up": {"uv": [4, 9.5, 9, 8], "texture": "#0"},
				"down": {"uv": [9, 8, 4, 9.5], "texture": "#0"}
			}
		}
	]
}