{
	"credit": "Made with Blockbench",
	"loader": "forge:composite",
	"parent": "block/block",
	"textures": {
		"particle": "create:block/brass_casing"
	},
	"children": {
		"base": {
			"render_type": "minecraft:cutout_mipped",
			"textures": {
				"0": "create:block/link_base_powered",
				"1": "create:block/link_details"
			},
			"elements": [
				{
					"from": [1, 1, 1],
					"to": [15, 5, 15],
					"rotation": {"angle": 0, "axis": "y", "origin": [1, 1, 1]},
					"faces": {
						"north": {"uv": [15.5, 8.5, 8.5, 10.5], "texture": "#0"},
						"east": {"uv": [8.5, 11, 15.5, 13], "texture": "#0"},
						"south": {"uv": [8.5, 8.5, 15.5, 10.5], "texture": "#0"},
						"west": {"uv": [8.5, 11, 15.5, 13], "texture": "#0"},
						"up": {"uv": [0.5, 8.5, 7.5, 15.5], "texture": "#0"},
						"down": {"uv": [0.5, 8.5, 7.5, 15.5], "texture": "#0"}
					}
				},
				{
					"from": [2, -1, 2],
					"to": [14, 1, 14],
					"rotation": {"angle": 0, "axis": "y", "origin": [2, -1, 2]},
					"faces": {
						"north": {"uv": [9, 13, 15, 14], "texture": "#0"},
						"east": {"uv": [9, 13, 15, 14], "texture": "#0"},
						"south": {"uv": [9, 13, 15, 14], "texture": "#0"},
						"west": {"uv": [9, 13, 15, 14], "texture": "#0"},
						"down": {"uv": [1, 9, 7, 15], "texture": "#1"}
					}
				},
				{
					"from": [3, 5, 3.5],
					"to": [7, 8, 12.5],
					"rotation": {"angle": 0, "axis": "y", "origin": [3, 5, 3]},
					"faces": {
						"north": {"uv": [8, 0, 10, 1.5], "texture": "#1"},
						"east": {"uv": [10, 1.5, 11.5, 6], "rotation": 90, "texture": "#1"},
						"south": {"uv": [8, 0, 10, 1.5], "texture": "#1"},
						"west": {"uv": [10, 1.5, 11.5, 6], "rotation": 90, "texture": "#1"},
						"up": {"uv": [8, 1.5, 10, 6], "texture": "#1"}
					}
				},
				{
					"from": [9, 5, 3],
					"to": [13, 7, 7],
					"rotation": {"angle": 0, "axis": "y", "origin": [9, 5, 3]},
					"faces": {
						"north": {"uv": [6, 7, 8, 8], "texture": "#1"},
						"east": {"uv": [6, 7, 8, 8], "texture": "#1"},
						"south": {"uv": [6, 7, 8, 8], "texture": "#1"},
						"west": {"uv": [6, 7, 8, 8], "texture": "#1"},
						"up": {"uv": [6, 0, 8, 2], "texture": "#1"}
					}
				},
				{
					"from": [9, 5, 9],
					"to": [13, 7, 13],
					"rotation": {"angle": 0, "axis": "y", "origin": [9, 5, 9]},
					"faces": {
						"north": {"uv": [6, 7, 8, 8], "texture": "#1"},
						"east": {"uv": [6, 7, 8, 8], "texture": "#1"},
						"south": {"uv": [6, 7, 8, 8], "texture": "#1"},
						"west": {"uv": [6, 7, 8, 8], "texture": "#1"},
						"up": {"uv": [6, 2.5, 8, 4.5], "texture": "#1"}
					}
				},
				{
					"from": [9.5, 7, 5],
					"to": [12.5, 11, 5],
					"rotation": {"angle": 0, "axis": "y", "origin": [10, 7, 5]},
					"faces": {
						"north": {"uv": [11.5, 6, 13, 8], "texture": "#1"},
						"south": {"uv": [11.5, 6, 13, 8], "texture": "#1"}
					}
				}
			]
		},
		"bulb": {
			"render_type": "minecraft:translucent",
			"textures": {
				"1": "create:block/link_details"
			},
			"elements": [
				{
					"from": [8.5, 7, 2.5],
					"to": [13.5, 12, 7.5],
					"rotation": {"angle": 0, "axis": "y", "origin": [9, 7, 2]},
					"faces": {
						"north": {"uv": [16, 2.5, 13.5, 5], "texture": "#1"},
						"east": {"uv": [16, 2.5, 13.5, 5], "texture": "#1"},
						"south": {"uv": [13.5, 2.5, 16, 5], "texture": "#1"},
						"west": {"uv": [13.5, 2.5, 16, 5], "texture": "#1"},
						"up": {"uv": [13.5, 0, 16, 2.5], "texture": "#1"},
						"down": {"uv": [13.5, 5, 16, 7.5], "texture": "#1"}
					}
				}
			]
		}
	}
}