{
	"credit": "Made with Blockbench",
	"textures": {
		"1": "create:block/link_details",
		"particle": "create:block/brass_casing"
	},
	"elements": [
		{
			"from": [-3, -0.5, -3],
			"to": [3, 5.5, 3],
			"rotation": {"angle": 0, "axis": "y", "origin": [9, 7, 2]},
			"faces": {
				"north": {"uv": [16, 2.5, 13.5, 5], "texture": "#1"},
				"east": {"uv": [16, 2.5, 13.5, 5], "texture": "#1"},
				"south": {"uv": [13.5, 2.5, 16, 5], "texture": "#1"},
				"west": {"uv": [13.5, 2.5, 16, 5], "texture": "#1"},
				"up": {"uv": [13.5, 0, 16, 2.5], "texture": "#1"},
				"down": {"uv": [13.5, 5, 16, 7.5], "texture": "#1"}
			}
		}
	],
	"groups": [
		{
			"name": "bulb",
			"origin": [8, 8, 8],
			"color": 0,
			"children": [0]
		}
	]
}