{
    "name": "bouncy",
    "description": "because your body is made of slime it is able to bounce as if you were on a slimeblock.",
    "condition": {
        "type": "origins:and",
        "conditions": [
            {
                "type": "origins:fall_distance",
                "comparison": ">",
                "compare_to": 1
            },
            {
                "inverted": true,
                "type": "origins:sneaking"
            },
            {
                "inverted": true,
                "type": "origins:equipped_item",
                "equipment_slot": "feet",
                "item_condition": {
                    "type": "origins:armor_value",
                    "comparison": ">",
                    "compare_to": 2
                }
            }
        ]
    },
    "type": "origins:action_on_land",
    "entity_action": {
        "type": "origins:and",
        "actions": [
            {
                "type": "origins:add_velocity",
                "y": 0.32,
                "z": 0.15,
                "space": "local_horizontal_normalized",
                "client": true,
                "server": true
            },
            {
                "type": "origins:play_sound",
                "sound": "minecraft:block.slime_block.break",
                "volume": 0.7,
                "pitch": 1.3
            }
        ]
    }
}