{
    "name": "slime diet",
    "description": "your stomach is unable to digest vegan meals proberly let alone meat, but it is extremely good at absorbing slime",
    "condition": {
        "type": "origins:or",
        "conditions": [
            {
                "type": "origins:equipped_item",
                "equipment_slot": "mainhand",
                "item_condition": {
                    "type": "origins:ingredient",
                    "ingredient": {
                        "item": "slime_ball"
                    }
                }
            },
            {
                "type": "origins:equipped_item",
                "equipment_slot": "offhand",
                "item_condition": {
                    "type": "origins:ingredient",
                    "ingredient": {
                        "item": "slime_ball"
                    }
                }
            }
        ]
    },
    "type": "origins:active_self",
    "entity_action": {
        "type": "origins:and",
        "actions": [
            {
                "type": "origins:execute_command",
                "command": "clear @s minecraft:slime_ball 1"
            },
            {
                "type": "origins:feed",
                "food": 5,
                "saturation": 5
            }
        ]
    },
    "cooldown": 10,
    "key": {
        "key": "key.origins.secondary_active"
    }
}