{
    "name": "shrink",
    "description": "just like your slime ancesters when you die you shrink to 2/3 of yourself. though be careful, shrink to far and you'll get washed away.",
    "type": "origins:prevent_death",
    "damage_condition": {
        "inverted": true,
        "type": "origins:or",
        "conditions": [
            {
                "type": "origins:explosive"
            },
            {
                "type": "origins:fire"
            },
            {
                "type": "origins:out_of_world"
            }
        ]
    },
    "entity_action": {
        "type": "origins:and",
        "actions": [
            {
                "type": "origins:execute_command",
                "command": "scale divide 1.5"
            },
            {
                "type": "origins:execute_command",
                "command": "scale multiply pehkui:motion 1.25"
            },
            {
                "type": "origins:execute_command",
                "command": "attribute @s minecraft:generic.max_health base set 10"
            },
            {
                "type": "origins:execute_command",
                "command": "scale multiply pehkui:third_person 1.2"
            },
            {
                "type": "origins:play_sound",
                "sound": "minecraft:entity.slime.squish",
                "volume": 1,
                "pitch": 1
            },
            {
                "type": "origins:apply_effect",
                "effect": {
                    "effect": "minecraft:absorption",
                    "duration": 150,
                    "amplifier": 1,
                    "show_particles": false,
                    "show_icon": false
                }
            },
            {
                "type": "origins:chance",
                "chance": 0.4,
                "action": {
                    "type": "origins:execute_command",
                    "command": "summon slime ~ ~ ~ {Size:0}"
                }
            },
            {
                "type": "origins:change_resource",
                "resource": "slimeorigin:lives",
                "change": 1,
                "operation": "add"
            }
        ]
    }
}