{
    "name": "slice and dice",
    "description": "your body is very easy to cut so you have less health",
    "type": "origins:action_on_callback",
    "entity_action_chosen": {
        "type": "origins:and",
        "actions": [
            {
                "type": "origins:execute_command",
                "command": "attribute @s minecraft:generic.max_health base set 10"
            },
            {
                "type": "origins:change_resource",
                "resource": "slimeorigin:lives",
                "change": 0,
                "operation": "set"
            },
            {
                "type": "origins:apply_effect",
                "effect": {
                    "effect": "minecraft:instant_health",
                    "duration": 10,
                    "amplifier": 0,
                    "show_particles": false,
                    "show_icon": false
                }
            }
        ]
    },
    "execute_chosen_when_orb": true,
    "entity_action_lost": {
        "type": "origins:and",
        "actions": [
            {
                "type": "origins:execute_command",
                "command": "scale reset"
            },
            {
                "type": "origins:execute_command",
                "command": "attribute @s minecraft:generic.max_health base set 20"
            }
        ]
    },
    "entity_action_added": {
        "type": "origins:and",
        "actions": [
            {
                "type": "origins:execute_command",
                "command": "attribute @s minecraft:generic.max_health base set 10"
            },
            {
                "type": "origins:delay",
                "action": {
                    "type": "origins:apply_effect",
                    "effect": {
                        "effect": "minecraft:instant_health",
                        "duration": 10,
                        "amplifier": 0,
                        "show_particles": false,
                        "show_icon": false
                    }
                },
                "ticks": 5
            }
        ]
    },
    "entity_action_removed": {
        "type": "origins:and",
        "actions": [
            {
                "type": "origins:execute_command",
                "command": "scale reset"
            },
            {
                "type": "origins:execute_command",
                "command": "attribute @s minecraft:generic.max_health base set 20"
            }
        ]
    },
    "entity_action_respawned": {
        "type": "origins:and",
        "actions": [
            {
                "type": "origins:change_resource",
                "resource": "slimeorigin:lives",
                "change": 0,
                "operation": "set"
            },
            {
                "type": "origins:execute_command",
                "command": "attribute @s minecraft:generic.max_health base set 10"
            },
            {
                "type": "origins:delay",
                "action": {
                    "type": "origins:apply_effect",
                    "effect": {
                        "effect": "minecraft:instant_health",
                        "duration": 10,
                        "amplifier": 0,
                        "show_particles": false,
                        "show_icon": false
                    }
                },
                "ticks": 5
            }
        ]
    }
}