{
    "name": "launch",
    "description": "your body is able to perform a launch",
    "badges": [
        {
            "type": "origins:keybind",
            "text": "Trigger with %s",
            "sprite": "origins:textures/gui/badge/arrow_up.png"
        }
    ],
    "type": "origins:active_self",
    "entity_action": {
        "type": "origins:and",
        "actions": [
            {
                "type": "origins:add_velocity",
                "y": 1.8,
                "z": 1.2,
                "space": "local_horizontal_normalized",
                "client": true,
                "server": true
            },
            {
                "type": "origins:nothing"
            }
        ]
    },
    "cooldown": 280,
    "hud_render": {
        "should_render": true,
        "sprite_location": "origins:textures/gui/resource_bar.png",
        "bar_index": 8
    },
    "key": {
        "key": "key.origins.primary_active"
    }
}