{
    "hidden": true,
    "type": "origins:resource",
    "min": 0,
    "max": 6,
    "start_value": 0,
    "hud_render": {
        "should_render": true,
        "sprite_location": "origins:textures/gui/community/spiderkolo/resource_bar_02.png",
        "bar_index": 21
    },
    "max_action": {
        "type": "origins:and",
        "actions": [
            {
                "type": "origins:execute_command",
                "command": "power remove @s slimeorigin:health"
            },
            {
                "type": "origins:delay",
                "action": {
                    "type": "origins:execute_command",
                    "command": "kill @s"
                },
                "ticks": 2
            },
            {
                "type": "origins:delay",
                "action": {
                    "type": "origins:change_resource",
                    "resource": "slimeorigin:lives",
                    "change": 0,
                    "operation": "set"
                },
                "ticks": 1
            }
        ]
    }
}