{
    "name": "sticky",
    "description": "your feet stick to the ground makeing you walk slower",
    "type": "origins:stacking_status_effect",
    "min_stacks": 1,
    "max_stacks": 5,
    "duration_per_stack": 999999,
    "tick_rate": 10,
    "effects": [
        {
            "effect": "minecraft:slowness",
            "duration": 19999980,
            "amplifier": 0,
            "show_particles": false,
            "show_icon": true
        },
        {
            "effect": "minecraft:jump_boost",
            "duration": 19999980,
            "amplifier": 0,
            "show_particles": false,
            "show_icon": true
        }
    ]
}