{
	"type": "origins:multiple",
	"shader": {
		"type": "origins:shader",
		"shader": "minecraft:shaders/post/blobs2.json",
		"toggleable": false,
		"condition": {
			"type": "origins:and",
			"conditions": [
				{
					"type": "origins:resource",
					"resource": "axolotl:moisture_moisture",
					"compare_to": 4500,
					"comparison": "<="
				},
				{
					"type": "origins:or",
					"conditions": [
						{
							"type": "origins:in_block",
							"block_condition": {
								"type": "origins:light_level",
								"comparison": ">=",
								"compare_to": 7,
								"light_type": "block"
							}
						},
						{
							"type": "origins:and",
							"conditions": [
								{
									"type": "origins:exposed_to_sky"
								},
								{
									"type": "origins:daytime"
								}
							]
						}
					]
				}
			]
		}
	},
	"lessexhaust": {
		"type": "origins:modify_exhaustion",
		"modifier": {
			"operation": "multiply_base",
			"value": -0.2
		},
		"condition": {
			"type": "origins:brightness",
			"comparison": "<=",
			"compare_to": 0.1
		}
	},
	"moreexhaust": {
		"type": "origins:modify_exhaustion",
		"modifier": {
			"operation": "multiply_base",
			"value": 0.45
		},
		"condition": {
			"type": "origins:or",
			"conditions": [
				{
					"type": "origins:in_block",
					"block_condition": {
						"type": "origins:light_level",
						"comparison": ">=",
						"compare_to": 7,
						"light_type": "block"
					}
				},
				{
					"type": "origins:and",
					"conditions": [
						{
							"type": "origins:exposed_to_sky"
						},
						{
							"type": "origins:daytime"
						}
					]
				}
			]
		}
	},
	"fast": {
		"type": "origins:conditioned_attribute",
		"modifier": {
			"attribute": "minecraft:generic.movement_speed",
			"operation": "multiply_base",
			"value": 0.2345
		},
		"tick_rate": 20,
		"condition": {
			"type": "origins:and",
			"conditions": [
				{
					"type": "origins:brightness",
					"comparison": "<=",
					"compare_to": 0.15
				},
				{
					"type": "origins:submerged_in",
					"fluid": "minecraft:water",
					"inverted": true
				}
			]
		}
	},
	"sleep": {
		"type": "origins:prevent_sleep",
		"message": "It's too bright for you to sleep.",
		"condition": {
			"type": "origins:brightness",
			"comparison": ">=",
			"compare_to": 0.165
		}
	},
	"vision": {
		"type": "origins:night_vision",
		"strength": 0.65,
		"condition": {
			"type": "origins:submerged_in",
			"fluid": "minecraft:water",
			"inverted": true
		}
	},
	"name": "Cave Dweller",
	"description": "Having evolved in the Lush Caves, you are adapted to underground life but not so much for the surface (your eyes included), making you see worse in bright light unless you have more than 45% moisture but able to see better in the dark. You also move faster and exhaust slower in pitch darkness and are unable to sleep in overly bright light."
}