{
	"type": "origins:multiple",
	"resource": {
		"type": "origins:resource",
		"min": 0,
		"max": 10,
		"hud_render": {
			"bar_index": 4,
			"sprite_location": "origins:textures/gui/community/huang/resource_bar_01.png",
			"condition": {
				"type": "origins:resource",
				"compare_to": 1,
				"comparison": ">=",
				"resource": "axolotl:charm_resource"
			}
		}
	},
	"dance": {
		"type": "origins:particle",
		"frequency": 3,
		"visible_in_first_person": true,
		"particle": "heart",
		"condition": {
			"type" :"origins:resource",
			"resource": "axolotl:charm_resource",
			"compare_to": 4,
			"comparison": ">="
		}
	},
	"decay": {
		"type": "origins:action_over_time",
		"entity_action": {
			"type": "origins:change_resource",
			"resource": "axolotl:charm_resource",
			"change": -1
		},
		"interval": 6
	},
	"burst": {
		"type": "origins:action_over_time",
		"rising_action": {
			"type": "origins:and",
			"actions": [
				{
					"type": "origins:play_sound",
					"sound": "entity.axolotl.attack"
				},
				{
					"type": "origins:play_sound",
					"sound": "entity.axolotl.idle_air"
				},
				{
					"type": "origins:play_sound",
					"sound": "entity.axolotl.idle_air"
				},
				{
					"type": "origins:play_sound",
					"sound": "entity.axolotl.idle_air"
				},
				{
					"type": "origins:execute_command",
					"command": "particle heart ~ ~0.5 ~ 0 0 0 1.5 2 normal @a"
				},
				{
					"type": "origins:change_resource",
					"resource": "axolotl:charm_resource",
					"change": -10
				},
				{
					"type": "origins:area_of_effect",
					"radius": 6,
					"bientity_action": {
						"type": "origins:target_action",
						"action": {
							"type": "origins:and",
							"actions": [
								{
									"type": "origins:revoke_power",
									"source": "apoli:command",
									"power": "axolotl:entranced"
								},
								{
									"type": "origins:grant_power",
									"source": "apoli:command",
									"power": "axolotl:entranced"
								}
							]
						}
					}
				},
				{
					"type": "origins:apply_effect",
					"effect": {
						"effect": "minecraft:regeneration",
						"duration": 280,
						"amplifier": 0,
						"show_particles": true
					}
				}
			]
		},
		"interval": 1,
		"condition": {
			"type": "origins:resource",
			"resource": "axolotl:charm_resource",
			"comparison": "==",
			"compare_to": 10
		}
	},
	"active": {
		"type": "origins:active_self",
		"entity_action": {
			"type": "origins:change_resource",
			"resource": "axolotl:charm_resource",
			"change": 1
		},
		"cooldown": 1,
		"hud_render": {
			"should_render": false
		},
		"key": {
			"key": "key.sneak"
		}
	},
	"name": "Charm Dance",
	"description": "You can make nearby entities swoon over you by letting out an enchanting dance, looking so cute that it lowers others's defense and heals you.",
	"badges": [
		{
			"sprite": "origins:textures/gui/badge/active.png",
			"text": "Spam sneak to dance!"
		}
	]
}