{
	"type": "origins:multiple",
	"timer": {
		"type": "origins:resource",
		"min": 0,
		"max": 1800,
		"start_value": 1800,
		"hud_render": {
			"should_render": false
		}
	},
	"deathreset": {
		"type": "origins:action_over_time",
		"interval": 1,
		"entity_action": {
			"type": "origins:change_resource",
			"resource": "axolotl:emergency_exit_timer",
			"change": 1800
		},
		"condition": {
			"type": "origins:health",
			"compare_to": 0,
			"comparison": "=="
		}
	},
	"wakereset": {
		"type": "origins:action_on_wake_up",
		"entity_action": {
			"type": "origins:change_resource",
			"resource": "axolotl:emergency_exit_timer",
			"change": 1800
		}
	},
	"timer_increment": {
		"type": "origins:action_over_time",
		"interval": 20,
		"entity_action": {
			"type": "origins:if_else",
			"if_action": {
				"type": "origins:change_resource",
				"resource": "axolotl:emergency_exit_timer",
				"change": 2 
			},
			"else_action": {
				"type": "origins:change_resource",
				"resource": "axolotl:emergency_exit_timer",
				"change": 1
			},
			"condition": {
				"type": "origins:or",
				"conditions": [
					{
						"type": "origins:status_effect",
						"effect": "minecraft:regeneration"
					},
					{
						"type": "origins:food_level",
						"compare_to": 20,
						"comparison": "=="
					}
				]
			}
		},
		"condition": {
			"type": "origins:resource",
			"resource": "axolotl:emergency_exit_timer",
			"comparison": "<",
			"compare_to": 1800
		}
	},
	"timer_increment2": {
		"type": "origins:action_over_time",
		"interval": 20,
		"entity_action": {
			"type": "origins:if_else",
			"if_action": {
				"type": "origins:change_resource",
				"resource": "axolotl:emergency_exit_timer",
				"change": 2
			},
			"condition": {
				"type": "origins:and",
				"conditions": [
					{
						"type": "origins:status_effect",
						"effect": "minecraft:regeneration"
					},
					{
						"type": "origins:food_level",
						"compare_to": 20,
						"comparison": "=="
					}
				]
			}
		},
		"condition": {
			"type": "origins:resource",
			"resource": "axolotl:emergency_exit_timer",
			"comparison": "<",
			"compare_to": 1800
		}
	},
	"timer_low": {
		"type": "origins:conditioned_attribute",
		"modifier": {
			"attribute": "minecraft:generic.max_health",
			"operation": "addition",
			"value": -4
		},
		"condition": {
			"type": "origins:resource",
			"resource": "axolotl:emergency_exit_timer",
			"comparison": "<=",
			"compare_to": 360
		}
	},
	"timer_mid_low": {
		"type": "origins:conditioned_attribute",
		"modifier": {
			"attribute": "minecraft:generic.max_health",
			"operation": "addition",
			"value": -4
		},
		"condition": {
			"type": "origins:resource",
			"resource": "axolotl:emergency_exit_timer",
			"comparison": "<=",
			"compare_to": 720
		}
	},
	"timer_mid": {
		"type": "origins:conditioned_attribute",
		"modifier": {
			"attribute": "minecraft:generic.max_health",
			"operation": "addition",
			"value": -2
		},
		"condition": {
			"type": "origins:resource",
			"resource": "axolotl:emergency_exit_timer",
			"comparison": "<=",
			"compare_to": 1080
		}
	},
	"timer_mid_high": {
		"type": "origins:conditioned_attribute",
		"modifier": {
			"attribute": "minecraft:generic.max_health",
			"operation": "addition",
			"value": -2
		},
		"condition": {
			"type": "origins:resource",
			"resource": "axolotl:emergency_exit_timer",
			"comparison": "<=",
			"compare_to": 1440
		}
	},
	"timer_high": {
		"type": "origins:conditioned_attribute",
		"modifier": {
			"attribute": "minecraft:generic.max_health",
			"operation": "addition",
			"value": -2
		},
		"condition": {
			"type": "origins:resource",
			"resource": "axolotl:emergency_exit_timer",
			"comparison": "<",
			"compare_to": 1800
		}
	},
	"prevent_death": {
		"type": "origins:prevent_death",
		"condition": {
			"type": "origins:resource",
			"resource": "axolotl:emergency_exit_timer",
			"comparison": "==",
			"compare_to": 1800
		},
		"entity_action": {
			"type": "origins:and",
			"actions": [
				{
					"type": "origins:apply_effect",
					"effects": [
						{
							"effect": "minecraft:regeneration",
							"duration": 60,
							"amplifier": 9
						},
						{
							"effect": "minecraft:speed",
							"duration": 100,
							"amplifier": 3
						},
						{
							"effect": "minecraft:invisibility",
							"duration": 100
						}
					]
				},
				{
					"type": "origins:change_resource",
					"resource": "axolotl:emergency_exit_timer",
					"change": -1800
				},
				{
					"type": "origins:play_sound",
					"sound": "minecraft:entity.axolotl.hurt",
					"volume": 1,
					"pitch": 0.9
				},
				{
					"type": "origins:play_sound",
					"sound": "minecraft:entity.splash_potion.break",
					"volume": 0.6,
					"pitch": 1
				},
				{
					"type": "origins:play_sound",
					"sound": "minecraft:entity.player.splash.high_speed",
					"volume": 0.1,
					"pitch": 1.4
				},
				{
					"type": "origins:play_sound",
					"sound": "minecraft:block.redstone_torch.burnout",
					"volume": 0.8,
					"pitch": 2
				}
			]
		}
	},
	"name": "Emergency Exit",
	"description": "When you would die, you instead briefly gain invisibility, speed, and massive regeneration. However, your maximum health is drastically reduced, and slowly restores itself until this is available again.",
	"badges": [
		{
			"type": "origins:tooltip",
			"sprite": "origins:textures/gui/badge/info.png",
			"text": "Your hearts reset to full upon death or rest."
		},
		{
			"type": "origins:tooltip",
			"sprite": "origins:textures/gui/badge/info.png",
			"text": "Hearts regenerate faster when you have the Regeneration effect or are at max hunger. These stack."
		}
	]
}