{
	"type": "origins:multiple",
	"glow": {
		"type": "origins:self_glow",
		"use_teams": false,
		"red": 1,
		"green": 0.709803,
		"blue": 0.996
	},
	"love": {
		"type": "origins:particle",
		"frequency": 5,
		"visible_in_first_person": true,
		"particle": "heart"
	},
	"swooning": {
		"type": "apoli:overlay",
		"hidden": true,
		"texture": "minecraft:textures/misc/nausea.png",
		"red": 1,
		"green": 0.709803,
		"blue": 0.996,
		"strength": 0.5,
		"draw_mode": "nausea",
		"draw_phase": "above_hud",
		"visible_in_third_person": true,
		"hide_with_hud": true
	},
	"defenseless": {
		"type": "origins:modify_damage_taken",
		"modifier": {
			"name": "It's adorable!",
			"operation": "multiply_total",
			"value": 0.625
		}
	},
	"decay": {
		"type": "origins:action_over_time",
		"entity_action": {
			"type": "origins:revoke_power",
			"power": "axolotl:entranced",
			"source": "apoli:command"
		},
		"interval": 80
	}
}