{
	"type": "origins:multiple",
	"moisture": {
		"type": "origins:resource",
		"min": 0,
		"max": 10000,
		"start_value": 10000,
		"hud_render": {
			"bar_index": 1
		}
	},
	"loss_ambient_day": {
		"type": "origins:action_over_time",
		"interval": 4,
		"entity_action": {
			"type": "origins:change_resource",
			"resource": "axolotl:moisture_moisture",
			"change": -3
		},
		"condition": {
			"type": "origins:and",
			"conditions": [
				{
					"type": "origins:daytime"
				},
				{
					"type": "origins:fluid_height",
					"fluid": "water",
					"comparison": "==",
					"compare_to": 0
				},
				{
					"type": "origins:or",
					"conditions": [
						{
							"type": "origins:status_effect",
							"effect": "minecraft:water_breathing"
						}
					],
					"inverted": true
				}
			]
		}
	},
	"loss_ambient_night": {
		"type": "origins:action_over_time",
		"interval": 6,
		"entity_action": {
			"type": "origins:change_resource",
			"resource": "axolotl:moisture_moisture",
			"change": -3
		},
		"condition": {
			"type": "origins:and",
			"conditions": [
				{
					"type": "origins:daytime",
					"inverted": true
				},
				{
					"type": "origins:fluid_height",
					"fluid": "water",
					"comparison": "==",
					"compare_to": 0
				},
				{
					"type": "origins:or",
					"conditions": [
						{
							"type": "origins:status_effect",
							"effect": "minecraft:water_breathing"
						}
					],
					"inverted": true
				}
			]
		}
	},
	"loss_sprinting": {
		"type": "origins:action_over_time",
		"interval": 10,
		"entity_action": {
			"type": "origins:change_resource",
			"resource": "axolotl:moisture_moisture",
			"change": -6
		},
		"condition": {
			"type": "origins:and",
			"conditions": [
				{
					"type": "origins:sprinting"
				},
				{
					"type": "origins:fluid_height",
					"fluid": "water",
					"comparison": "==",
					"compare_to": 0
				},
				{
					"type": "origins:or",
					"conditions": [
						{
							"type": "origins:status_effect",
							"effect": "minecraft:water_breathing"
						}
					],
					"inverted": true
				}
			]
		}
	},
	"loss_height": {
		"type": "origins:action_over_time",
		"interval": 10,
		"entity_action": {
			"type": "origins:change_resource",
			"resource": "axolotl:moisture_moisture",
			"change": -4
		},
		"condition": {
			"type": "origins:and",
			"conditions": [
				{
					"type": "origins:on_block",
					"block_condition": {
						"type": "origins:height",
						"comparison": ">=",
						"compare_to": 100
					}
				},
				{
					"type": "origins:fluid_height",
					"fluid": "water",
					"comparison": "==",
					"compare_to": 0
				},
				{
					"type": "origins:or",
					"conditions": [
						{
							"type": "origins:status_effect",
							"effect": "minecraft:water_breathing"
						}
					],
					"inverted": true
				}
			]
		}
	},
	"loss_climate": {
		"type": "origins:action_over_time",
		"interval": 10,
		"entity_action": {
			"type": "origins:change_resource",
			"resource": "axolotl:moisture_moisture",
			"change": -16
		},
		"condition": {
			"type": "origins:and",
			"conditions": [
				{
					"type": "origins:biome",
					"condition": {
						"type": "origins:in_tag",
						"tag": "axolotl:arid"
					}
				},
				{
					"type": "origins:or",
					"conditions": [
						{
							"type": "origins:status_effect",
							"effect": "minecraft:water_breathing"
						}
					],
					"inverted": true
				}
			]
		}
	},
	"gain_rain": {
		"type": "origins:action_over_time",
		"interval": 10,
		"entity_action": {
			"type": "origins:change_resource",
			"resource": "axolotl:moisture_moisture",
			"change": 20
		},
		"condition": {
			"type": "origins:in_rain"
		}
	},
	"gain_water": {
		"type": "origins:action_over_time",
		"interval": 5,
		"entity_action": {
			"type": "origins:change_resource",
			"resource": "axolotl:moisture_moisture",
			"change": 20
		},
		"condition": 				{
			"type": "origins:fluid_height",
			"fluid": "water",
			"comparison": ">",
			"compare_to": 0
		}
	},
	"gain_water_dehydrated": {
		"type": "origins:action_over_time",
		"interval": 5,
		"entity_action": {
			"type": "origins:change_resource",
			"resource": "axolotl:moisture_moisture",
			"change": 20
		},
		"condition": {
			"type": "origins:and",
			"conditions": [
				{
					"type": "origins:fluid_height",
					"fluid": "water",
					"comparison": ">",
					"compare_to": 0
				},
				{
					"type": "origins:resource",
					"resource": "axolotl:moisture_moisture",
					"comparison": "<=",
					"compare_to": 2500
				}
			]
		}
	},
	"gain_bottle": {
		"type": "origins:action_on_item_use",
		"item_condition": {
			"type": "origins:ingredient",
			"ingredient": {
				"item": "minecraft:potion"
			}
		},
		"entity_action": {
			"type": "origins:change_resource",
			"resource": "axolotl:moisture_moisture",
			"change": 1000
		}
	},
	"gain_water_respiration1": {
		"type": "origins:action_over_time",
		"interval": 20,
		"entity_action": {
			"type": "origins:change_resource",
			"resource": "axolotl:moisture_moisture",
			"change": 5
		},
		"condition": {
			"type": "origins:equipped_item",
			"equipment_slot": "head",
			"item_condition": {
				"type": "origins:enchantment",
				"enchantment": "minecraft:respiration",
				"comparison": "==",
				"compare_to": 1
			}
		}
	},
	"gain_water_respiration2": {
		"type": "origins:action_over_time",
		"interval": 20,
		"entity_action": {
			"type": "origins:change_resource",
			"resource": "axolotl:moisture_moisture",
			"change": 10
		},
		"condition": {
			"type": "origins:equipped_item",
			"equipment_slot": "head",
			"item_condition": {
				"type": "origins:enchantment",
				"enchantment": "minecraft:respiration",
				"comparison": "==",
				"compare_to": 2
			}
		}
	},
	"gain_water_respiration3": {
		"type": "origins:action_over_time",
		"interval": 20,
		"entity_action": {
			"type": "origins:change_resource",
			"resource": "axolotl:moisture_moisture",
			"change": 15
		},
		"condition": {
			"type": "origins:equipped_item",
			"equipment_slot": "head",
			"item_condition": {
				"type": "origins:enchantment",
				"enchantment": "minecraft:respiration",
				"comparison": "==",
				"compare_to": 3
			}
		}
	},
	"effect_dmg_minor": {
		"type": "origins:modify_damage_taken",
		"modifier": {
			"operation": "multiply_total",
			"value": 0.2
		},
		"condition": {
			"type": "origins:and",
			"conditions": [
				{
					"type": "origins:resource",
					"resource": "axolotl:moisture_moisture",
					"comparison": "<=",
					"compare_to": 8000
				},
				{
					"type": "origins:resource",
					"resource": "axolotl:moisture_moisture",
					"comparison": ">",
					"compare_to": 5500
				}
			]
		}
	},
	"effect_dmg_medium": {
		"type": "origins:modify_damage_taken",
		"modifier": {
			"operation": "multiply_total",
			"value": 0.45
		},
		"condition": {
			"type": "origins:and",
			"conditions": [
				{
					"type": "origins:resource",
					"resource": "axolotl:moisture_moisture",
					"comparison": "<=",
					"compare_to": 5500
				},
				{
					"type": "origins:resource",
					"resource": "axolotl:moisture_moisture",
					"comparison": ">",
					"compare_to": 3500
				}
			]
		}
	},
	"effect_dmg_intense": {
		"type": "origins:modify_damage_taken",
		"modifier": {
			"operation": "multiply_total",
			"value": 0.65
		},
		"condition": {
			"type": "origins:resource",
			"resource": "axolotl:moisture_moisture",
			"comparison": "<=",
			"compare_to": 3500
		}
	},
	"effect_hunger_minor": {
		"type": "origins:modify_exhaustion",
		"modifier": {
			"operation": "multiply_total",
			"value": 0.5
		},
		"condition": {
			"type": "origins:and",
			"conditions": [
				{
					"type": "origins:resource",
					"resource": "axolotl:moisture_moisture",
					"comparison": "<=",
					"compare_to": 8000
				},
				{
					"type": "origins:resource",
					"resource": "axolotl:moisture_moisture",
					"comparison": ">",
					"compare_to": 5500
				}
			]
		}
	},
	"effect_hunger_medium": {
		"type": "origins:modify_exhaustion",
		"modifier": {
			"operation": "multiply_total",
			"value": 1
		},
		"condition": {
			"type": "origins:and",
			"conditions": [
				{
					"type": "origins:resource",
					"resource": "axolotl:moisture_moisture",
					"comparison": "<=",
					"compare_to": 5500
				},
				{
					"type": "origins:resource",
					"resource": "axolotl:moisture_moisture",
					"comparison": ">",
					"compare_to": 3500
				}
			]
		}
	},
	"effect_hunger_intense": {
		"type": "origins:modify_exhaustion",
		"modifier": {
			"operation": "multiply_total",
			"value": 1.5
		},
		"condition": {
			"type": "origins:resource",
			"resource": "axolotl:moisture_moisture",
			"comparison": "<=",
			"compare_to": 3500
		}
	},
	"effect_slow_minor": {
		"type": "origins:conditioned_attribute",
		"modifier": {
			"attribute": "minecraft:generic.movement_speed",
			"operation": "multiply_total",
			"value": -0.15
		},
		"tick_rate": 10,
		"update_health": false,
		"condition": {
			"type": "origins:and",
			"conditions": [
				{
					"type": "origins:resource",
					"resource": "axolotl:moisture_moisture",
					"comparison": "<=",
					"compare_to": 8000
				},
				{
					"type": "origins:resource",
					"resource": "axolotl:moisture_moisture",
					"comparison": ">",
					"compare_to": 5500
				},
				{
					"type": "origins:fluid_height",
					"fluid": "water",
					"comparison": "==",
					"compare_to": 0
				}
			]
		}
	},
	"effect_slow_medium": {
		"type": "origins:conditioned_attribute",
		"modifier": {
			"attribute": "minecraft:generic.movement_speed",
			"operation": "multiply_total",
			"value": -0.25
		},
		"tick_rate": 10,
		"update_health": false,
		"condition": {
			"type": "origins:and",
			"conditions": [
				{
					"type": "origins:resource",
					"resource": "axolotl:moisture_moisture",
					"comparison": "<=",
					"compare_to": 5500
				},
				{
					"type": "origins:resource",
					"resource": "axolotl:moisture_moisture",
					"comparison": ">",
					"compare_to": 3500
				},
				{
					"type": "origins:fluid_height",
					"fluid": "water",
					"comparison": "==",
					"compare_to": 0
				}
			]
		}
	},
	"effect_slow_intense": {
		"type": "origins:conditioned_attribute",
		"modifier": {
			"attribute": "minecraft:generic.movement_speed",
			"operation": "multiply_total",
			"value": -0.40
		},
		"tick_rate": 10,
		"update_health": false,
		"condition": {
			"type": "origins:and",
			"conditions": [
				{
					"type": "origins:resource",
					"resource": "axolotl:moisture_moisture",
					"comparison": "<=",
					"compare_to": 3500
				},
				{
					"type": "origins:fluid_height",
					"fluid": "water",
					"comparison": "==",
					"compare_to": 0
				}
			]
		}
	},
	"effect_death": {
		"type": "origins:damage_over_time",
		"interval": 30,
		"onset_delay": 30,
		"damage": 1,
		"easy": 0.5,
		"damage_source": {
			"name": "no_water_for_gills",
			"unblockable": true
		},
		"condition": {
			"type": "origins:resource",
			"resource": "axolotl:moisture_moisture",
			"comparison": "==",
			"compare_to": 0
		}
	},
	"forgive": {
		"type": "origins:action_on_callback",
		"entity_action_respawned": {
			"type": "origins:change_resource",
			"resource": "axolotl:moisture_moisture",
			"change": 10000
		}
	},
	"name": "Water Dependency",
	"description": "Your skin loses moisture over time. Running low on moisture causes you to walk slower, take more damage and lose more hunger!",
	"badges": [
		{
			"sprite": "origins:textures/gui/badge/info.png",
			"text": "Certain actions or environments will cause you to gain or lose more moisture."
		},
		{
			"sprite": "origins:textures/gui/badge/info.png",
			"text": "When you have completely run out of moisture, you will begin to die."
		}
	]
}