{
	"type": "origins:multiple",
	"fast": {
		"type": "origins:modify_swim_speed",
		"modifier": {
			"operation": "multiply_total",
			"value": 1.75
		},
		"condition": {
			"type": "origins:resource",
			"resource": "axolotl:moisture_moisture",
			"comparison": "<",
			"compare_to": 10000
		}
	},
	"vision": {
		"type": "origins:night_vision",
		"strength": 0.85,
		"condition": {
			"type": "origins:and",
			"conditions": [
				{
					"type": "origins:submerged_in",
					"fluid": "minecraft:water"
				},
				{
					"type": "origins:resource",
					"resource": "axolotl:moisture_moisture",
					"comparison": "<",
					"compare_to": 10000
				}
			]
		}
	},
	"name": "Relief",
	"description": "You know how it feels really good when you step into a fully air-conditioned room when it's scorching outside? You as an Axolotl moistening when dry is basically like that, meaning you swim faster and see better underwater when your moisture is below max."
}