{
	"type": "origins:multiple",
	"size": {
		"type": "origins:action_on_callback",
		"entity_action_chosen": {
			"type": "origins:and",
			"actions": [
			{
				"type": "origins:execute_command",
				"command": "scale set pehkui:height 0.5 @s"
			},
			{
				"type": "origins:execute_command",
				"command": "scale set pehkui:width 0.55 @s"
			},
			{
				"type": "origins:execute_command",
				"command": "scale persist set true @s"
			}
			]
		},
		"entity_action_lost": {
			"type": "origins:execute_command",
			"command": "scale reset @s"
		}
	},
	"hp": {
		"type": "origins:attribute",
		"modifier": {
			"attribute": "minecraft:generic.max_health",
			"value": -8,
			"operation": "addition"
		}
	},
	"name": "Short Stature",
	"description": "You're only 1 block tall, but have 4 less hearts than a Human."
}