{
	"credit": "Made with Blockbench",
	"texture_size": [32, 32],
	"textures": {
		"0": "create:block/pipes",
		"particle": "create:block/pipes"
	},
	"elements": [
		{
			"from": [3, 0, 3],
			"to": [13, 2, 13],
			"faces": {
				"north": {"uv": [10.5, 11, 11.5, 16], "rotation": 90, "texture": "#0"},
				"east": {"uv": [10.5, 11, 11.5, 16], "rotation": 90, "texture": "#0"},
				"south": {"uv": [10.5, 11, 11.5, 16], "rotation": 90, "texture": "#0"},
				"west": {"uv": [10.5, 11, 11.5, 16], "rotation": 90, "texture": "#0"},
				"up": {"uv": [6, 11, 11, 16], "rotation": 90, "texture": "#0"},
				"down": {"uv": [11, 11, 16, 16], "rotation": 270, "texture": "#0", "cullface": "down"}
			}
		}
	]
}