{
	"credit": "Made with Blockbench",
	"texture_size": [32, 32],
	"textures": {
		"0": "create:block/pipes",
		"particle": "create:block/pipes"
	},
	"elements": [
		{
			"from": [3, 3, 0],
			"to": [13, 13, 2],
			"rotation": {"angle": 0, "axis": "y", "origin": [8, 28, 8]},
			"faces": {
				"north": {"uv": [11, 11, 16, 16], "texture": "#0", "cullface": "north"},
				"east": {"uv": [10.5, 11, 11.5, 16], "texture": "#0"},
				"south": {"uv": [6, 11, 11, 16], "texture": "#0"},
				"west": {"uv": [11.5, 16, 10.5, 11], "texture": "#0"},
				"up": {"uv": [10.5, 11, 11.5, 16], "rotation": 270, "texture": "#0"},
				"down": {"uv": [11.5, 16, 10.5, 11], "rotation": 270, "texture": "#0"}
			}
		}
	]
}